,accuracy,precision,recall,f1_score,roc_auc
Logistic Regression,0.9025974025974026,0.8823529411764706,0.8333333333333334,0.8571428571428571,0.9609259259259259
Random Forest,0.9935064935064936,1.0,0.9814814814814815,0.9906542056074766,0.9977777777777778
SVM,0.9090909090909091,0.9,0.8333333333333334,0.8653846153846154,0.9775925925925926
XGBoost,0.987012987012987,0.9814814814814815,0.9814814814814815,0.9814814814814815,0.9983333333333333
